{"x": [0.01122400531763372, 0.019732219162472767, 0.027024973886620517, 0.037964105972842145, 0.045864590257335545, 0.06227328838666799, 0.07625106827461785, 0.1005602506884437, 0.11757667837812179, 0.1273003513436521, 0.1285158104643434, 0.13216218782641728, 0.13884721299021938, 0.14006267211091067, 0.1431013199126389, 0.14857088595574972, 0.15707909980058876, 0.16376412496439088, 0.16741050232646476, 0.17044915012819298, 0.1734877979299212, 0.17591871617130378, 0.18989649605925366, 0.1905042256195993, 0.19111195517994495, 0.2050897350678948, 0.2050897350678948, 0.2208907036368816, 0.2622163137403855, 0.2707245275852246, 0.278625011869718, 0.28470230747317443, 0.2956414395593961, 0.29928781692146994, 0.3108346785680372, 0.5624347165511348, 0.6955274902668312, 0.8383439369480581, 0.9592821194568416, 0.9848067609913588], "y": [-0.9745870393900886, -0.9313850063532398, -0.8958068614993644, -0.8576874205844978, -0.8424396442185513, -0.8170266836086402, -0.8017789072426935, -0.7992376111817023, -0.8094027954256668, -0.834815756035578, -0.8678526048284623, -0.9085133418043199, -0.9491740787801777, -0.9669631512071153, -0.9898348157560353, -0.9999999999999998, -0.9898348157560353, -0.959339263024142, -0.933926302414231, -0.911054637865311, -0.8856416772554001, -0.8576874205844978, -0.7204574332909781, -0.689961880559085, -0.6797966963151205, -0.45362134688691214, -0.44091486658195667, -0.43329097839898334, -0.4561626429479033, -0.5400254129606097, -0.6365946632782717, -0.7509529860228714, -0.8678526048284623, -0.9313850063532398, -0.9745870393900886, -0.7966963151207114, -0.3646759847522234, 0.10546378653113098, -0.8424396442185513, -0.9695044472681065]}