{"x": [0.04230533415082771, 0.06253832004904966, 0.07418761496014714, 0.07970570202329859, 0.08890251379521766, 0.09748620478234211, 0.108522378908645, 0.11894543225015328, 0.12936848559166156, 0.1489883507050889, 0.17106069895769466, 0.1925199264255058, 0.21275291232372776, 0.23237277743715512, 0.2599632127529123, 0.2752912323727774, 0.2973635806253832, 0.3200490496627835, 0.33415082771305943, 0.3421213979153893, 0.354996934396076, 0.3789086450030656, 0.4071122011036174, 0.43408951563458, 0.45677498467198036, 0.47087676272225626, 0.4843654199877376, 0.49356223175965663, 0.4984671980380135, 0.5009196811771919], "y": [-0.4018691588785046, -0.3831775700934579, -0.2897196261682242, -0.20961281708945267, -0.10814419225634175, -0.03871829105473967, 0.09479305740987987, 0.1695594125500668, 0.23898531375166887, 0.3431241655540721, 0.4018691588785047, 0.44726301735647533, 0.4739652870493992, 0.4712950600801068, 0.4552736982643525, 0.39118825100133514, 0.2576769025367156, 0.07343124165554071, -0.060080106809078826, -0.1695594125500668, -0.30574098798397853, -0.5086782376502001, -0.6128170894526035, -0.6395193591455273, -0.6128170894526035, -0.5540720961281709, -0.4419225634178905, -0.3324432576769025, -0.2550066755674232, -0.16688918558077437]}