{"x": [0.0410790925812385, 0.22562844880441446, 0.3801348865726548, 0.6793378295524218, 0.8270999386879214, 0.8399754751686082, 0.8602084610668301], "y": [-0.6769025367156207, -0.18291054739652868, 0.3004005340453939, 0.24432576769025371, 0.060080106809078826, -0.3991989319092122, -0.6955941255006675]}